"ContactID","Fname","Mname","Lname"
1,"Cindra","Del","Philipeaux"
2,"Sherwood","","Spoerl"
3,"Crosby","","Seide"
4,"Hogan","","Spafford"
5,"Kenton","Rog","Sibbald"
6,"Brand","Melisande","Morkham"
7,"Adina","","Richardon"
8,"Maddalena","Ettore","O' Hern"
9,"Claus","","Gensavage"
10,"Antonia","","Wolstencroft"
11,"Doll","Cristy","Kill"
12,"Maritsa","Priscilla","Tinsey"
13,"Ward","Nellie","Shackell"
14,"Cybill","Sissie","Ratazzi"
15,"Harriet","Herminia","Swin"
16,"Homerus","","Dugood"
17,"Reuven","","Capstaff"
18,"Lilian","","Perrin"
19,"Dorey","Katheryn","Seamons"
20,"Emmie","Bennie","Dust"
21,"Palm","","Tuhy"
22,"Jakie","Eddy","Muehle"
23,"Torin","","McHaffy"
24,"Bjorn","","Crathorne"
25,"Mariana","Ebenezer","Titmarsh"
26,"Clemmy","","Widdup"
27,"Darrell","Egon","Lokier"
28,"Thornton","","Kennaird"
29,"Philip","Jaquith","Edworthye"
30,"Dud","","Harvison"
31,"Marcia","Etheline","Godwin"
32,"Marilyn","Andra","McKinney"
33,"Marget","","Stoller"
34,"Lemmie","","Strowther"
35,"Giorgi","","Di Biaggi"
36,"Robyn","Gillan","Salvati"
37,"Jarrad","Ketti","Cattonnet"
38,"Valeria","","Dillingston"
39,"Regina","Lexis","Emlyn"
40,"Merrile","","Danielsky"
41,"Rozelle","","Patington"
42,"Susi","Salomone","Spurritt"
43,"Dorena","Allayne","Heathcott"
44,"Marita","","Macallam"
45,"Donaugh","Sorcha","Grimsdike"
46,"Concordia","Ingamar","Michurin"
47,"Lydia","Elnar","Shermore"
48,"Jandy","","Kerans"
49,"Mirella","Truda","Cowwell"
50,"Missie","Daron","Binner"
51,"Ryley","Rog","Spilsted"
52,"Sarina","","Alvarado"
53,"Johnnie","Wolfgang","Walbrun"
54,"Geri","","Chaundy"
55,"Regan","","Holson"
56,"Callida","Wells","Knappen"
57,"Barnard","Dian","Wellbelove"
58,"Lulu","Oliviero","Souness"
59,"Osmond","","Braniff"
60,"Maximilien","","Martensen"
61,"Pietrek","Winston","Borgars"
62,"Vanya","","Capelen"
63,"Christopher","","Scurrah"
64,"Neilla","Kissiah","Nel"
65,"Evan","Sigismond","Critchlow"
66,"Lodovico","","Sheed"
67,"Filip","","Sapseed"
68,"Isiahi","Lyman","Hudson"
69,"Floria","Lianne","Lankford"
70,"Claudine","Marlyn","Lazell"
71,"Marcella","","Hucknall"
72,"Anastasie","Clo","Sellers"
73,"Annelise","","Haug"
74,"Elfreda","","Cleland"
75,"Goldy","","Parradice"
76,"Abbye","Annmarie","Stiling"
77,"Lavena","Petrina","Gostick"
78,"Waneta","Karlene","Fernando"
79,"Sharline","","Axworthy"
80,"Torre","Odilia","Nowakowska"
81,"Ermanno","Chris","Carillo"
82,"Alwyn","Malvin","Wragg"
83,"Rolland","","Prier"
84,"Emmy","","Hamm"
85,"Kristopher","","Gregorin"
86,"Wallis","","Cocks"
87,"Thornton","","Weich"
88,"Carmella","Maribeth","Brundell"
89,"Launce","Catarina","Matussov"
90,"Derrik","Kelcey","Furniss"
91,"Ariel","","Alessandrucci"
92,"Merrick","","Coley"
93,"Norah","Baxy","Dolman"
94,"Lib","Albrecht","Jaggers"
95,"Charlean","","Comiam"
96,"Thorn","","Winkell"
97,"Lorenzo","Even","Klimke"
98,"Deedee","Nevins","Redmille"
99,"Olwen","Chrotoem","Maharg"
100,"Viviyan","","Luker"
101,"Brigitte","Marieann","McLewd"
102,"Carmen","","Braidwood"
103,"Jania","Kyrstin","Vondrys"
104,"Ardyce","","Andino"
105,"Davis","Niccolo","Casolla"
106,"Saloma","Margery","Geraudel"
107,"Reese","Ilse","Wildblood"
108,"Carola","Weidar","Sheard"
109,"Arda","Chadwick","Valdes"
110,"Caty","Pincas","Rikard"
111,"Danica","Chloris","Trodler"
112,"Rhetta","","Illingsworth"
113,"Calvin","","Rubinowitsch"
114,"Cordi","Bernardo","Woodwing"
115,"Alison","Margarita","Amor"
116,"Mattias","Shannan","March"
117,"Josefina","","Bartram"
118,"Chickie","","Pinard"
119,"Rollin","Francklin","Abramof"
120,"Minnaminnie","","Russi"
121,"Jedidiah","","McGilvray"
122,"Rachelle","Shaun","Cicconettii"
123,"Carlita","Gussi","Bindin"
124,"Dre","Rea","Castleman"
125,"Renell","Sheilah","Hinsche"
126,"Cathyleen","Josias","Weldrake"
127,"Shanon","","Isaaksohn"
128,"Caro","Herrick","Pulfer"
129,"Emili","Lenora","Barkhouse"
130,"Berty","","Jesse"
131,"Cesare","Kitti","Osgarby"
132,"Sande","Asa","Bothe"
133,"Gal","","Aslett"
134,"Mikael","Bridget","Doull"
135,"Erroll","","Wear"
136,"Margarita","Gisela","Form"
137,"Rita","","Melross"
138,"Cherrita","Lockwood","Mably"
139,"Ellyn","Karlene","Whitwham"
140,"Rudolfo","","Avraham"
141,"Lark","Jonah","Hemms"
142,"Keen","Henka","Measor"
143,"Rosaline","Donalt","Worms"
144,"Jacquelin","Hamel","O'Leagham"
145,"Gabey","","Aggott"
146,"Stacee","","Braunlein"
147,"Garland","Aurelie","Gaunter"
148,"Joaquin","","Birkwood"
149,"Barbabra","Alexandre","Dinnage"
150,"Kenon","","Cremer"
151,"Rabi","Davon","Apted"
152,"Kerry","Redd","De Atta"
153,"Barry","Cathy","Caves"
154,"Kenneth","Wald","Jeffreys"
155,"Darbie","Roobbie","Lafontaine"
156,"Corena","","O'Shevlin"
157,"Arny","","Shrubshall"
158,"Warren","","Stanlike"
159,"Krystalle","Georgia","Archer"
160,"Pooh","Emili","Alflatt"
161,"Denney","Trey","McCurtain"
162,"Barth","Val","Harwell"
163,"Mord","Anette","Leynagh"
164,"Osmund","Mallory","Arndell"
165,"Honoria","Christal","Nix"
166,"Paulita","","Chessel"
167,"Celeste","Morly","Pittendreigh"
168,"Nickola","Pedro","Barwood"
169,"Harmonie","Sandy","Benny"
170,"Glennis","","Dawby"
171,"Casey","Claiborne","Temby"
172,"Pamelina","Benoite","Moody"
173,"Rozamond","","Tixier"
174,"Zorine","Josie","Case"
175,"Rici","","Thomann"
176,"Pascale","Allyson","Delves"
177,"Udall","Belvia","Snoxell"
178,"Carolann","Francisco","Holbie"
179,"Karmen","Wilmer","Carmel"
180,"Cori","","Basillon"
181,"Cyril","","Adran"
182,"Bryana","Neely","Toghill"
183,"Baron","Annabell","A'field"
184,"Lefty","","Windybank"
185,"Sophey","","Weildish"
186,"Loleta","Wade","Thombleson"
187,"Petr","","Lardier"
188,"Boigie","","Dabs"
189,"Retha","Cindelyn","Twiddell"
190,"Deva","","Dermott"
191,"Donavon","","Franses"
192,"Francesco","Yasmeen","Bellini"
193,"Tyler","","Luckcock"
194,"Noni","Sergent","Ashleigh"
195,"Emmaline","","De Miranda"
196,"Flossie","Ruthe","Hammerberg"
197,"Alexander","","Witty"
198,"Jourdan","","Straneo"
199,"Buck","","Casterou"
200,"Dulcinea","Brandice","Chazerand"
201,"Marys","Emmi","Dellenbrok"
202,"Tobit","Gilbertine","Deighan"
203,"Dianne","Arny","Kedge"
204,"Aubrie","","Boddam"
205,"Gertrudis","Simonne","Streeton"
206,"Verine","Mona","McLucas"
207,"Gerick","","Learoyd"
208,"Mozelle","","Toplis"
209,"Luce","Egan","Kiss"
210,"Giselbert","Martynne","McKeighan"
211,"Ajay","Fannie","Meah"
212,"Jammie","","Lavington"
213,"Aluin","Maddy","Bohlmann"
214,"Shari","","Blanque"
215,"Clementius","Alfy","Lewinton"
216,"Markus","","Cogzell"
217,"Melessa","Ellerey","Kliement"
218,"Manon","Rudy","Barthrup"
219,"Amalle","","Brandsma"
220,"Marjory","Libbie","Nutton"
221,"Ivory","","Brodeur"
222,"Fey","Adan","Armfirld"
223,"Chaim","Inglis","Allot"
224,"Gabriell","","Quinton"
225,"Pauline","","Penright"
226,"Mohandas","Di","Burnip"
227,"Antonia","","Fligg"
228,"Natka","","Rusted"
229,"Willis","Cynthea","Arnecke"
230,"Arvie","Carly","Collinson"
231,"Lucinda","Chelsey","Vivash"
232,"Alica","","McCumskay"
233,"Duff","Belle","Jimmes"
234,"Von","Yule","Cornell"
235,"Thaxter","Husein","Beaze"
236,"Danny","Kellby","Hawarden"
237,"Wyatan","Brandon","Benettolo"
238,"Baxter","","Grierson"
239,"Hort","Clarinda","Grigorushkin"
240,"Nessi","","Steedman"
241,"Anestassia","Glennie","Calcraft"
242,"Caril","","Currier"
243,"Giorgia","Lanae","Van Dalen"
244,"Blythe","","Gerhardt"
245,"Gillan","Dannie","Bertlin"
246,"Tracey","Arlen","Champneys"
247,"Turner","Harri","Impleton"
248,"Harriett","Junina","Deinert"
249,"Charmian","Damon","Creigan"
250,"Dav","Sibilla","Machel"
251,"Hogan","Jilly","Wandtke"
252,"Leanna","","Meates"
253,"Barnabas","","Lowde"
254,"Daven","Harman","O'Hengerty"
255,"Sabina","Forbes","Nix"
256,"Joscelin","Chloe","Cranstoun"
257,"Caryl","Bartie","Culp"
258,"Ive","Anthe","Rozier"
259,"Sibbie","","Brolechan"
260,"Elwin","","Kendal"
261,"Quintin","","Broddle"
262,"Alfie","","Elgee"
263,"Christa","Amelina","Gremain"
264,"Ronnica","","Heads"
265,"Sammy","Grissel","Roxburch"
266,"Giselle","","Troke"
267,"Cory","","Lapere"
268,"Karrie","","Giacobelli"
269,"Ondrea","Burnaby","Emma"
270,"Merilee","","Gumme"
271,"Niels","Rozella","Rawstron"
272,"Helene","Alta","Sarrell"
273,"Cherilyn","Bartlet","Bernet"
274,"Maryanna","","Braunfeld"
275,"Read","","Gent"
276,"Dewain","","Barkhouse"
277,"Ebba","Jobie","Hawken"
278,"Frannie","","Boothebie"
279,"Tate","Audrey","Liggett"
280,"Alikee","","Mawby"
281,"Hildegarde","Celestia","Taffurelli"
282,"Madelena","","Regis"
283,"Nil","Portie","Tanswill"
284,"Delbert","","Chaplyn"
285,"Sidonia","","Alderson"
286,"Kyrstin","Hollyanne","Tumpane"
287,"Nev","Row","Hotton"
288,"Appolonia","Estevan","Fannon"
289,"Riki","","Hearnes"
290,"Brantley","","Fowlds"
291,"Thorndike","","Daenen"
292,"Susanetta","","Janny"
293,"Madelena","","Stannett"
294,"Pavia","","Cantor"
295,"Valaria","","Pfeffel"
296,"Verile","","Pervoe"
297,"Merrel","","Borell"
298,"Clayborn","Lillis","Taylorson"
299,"Hugh","Chryste","Nafzger"
300,"Bartlett","","Edmead"
301,"Karin","Juana","Szymanowicz"
302,"Marshall","","Capehorn"
303,"Mose","","Derrick"
304,"Phillipe","","Wrinch"
305,"Annabelle","Aldridge","Romer"
306,"Obie","Moe","Deverall"
307,"Therese","","Nockolds"
308,"Maureene","Margret","Sute"
309,"Wolfie","","Trice"
310,"Amandi","Talbert","Scollard"
311,"Erma","","Pryell"
312,"Jerrilee","","Ramelet"
313,"Wileen","Gualterio","Patrono"
314,"Alejandro","Betta","Baylie"
315,"Kass","Jillayne","Hull"
316,"Starr","","Sappy"
317,"Gabriel","Vernon","Ivasechko"
318,"Brent","","Bransdon"
319,"Kathryne","","Ravilious"
320,"Dorise","","Willbourne"
321,"Dodie","","Tripon"
322,"Lauritz","Hilary","Burnyate"
323,"Alleyn","","Nowakowska"
324,"Vernon","","Shurmore"
325,"Milka","Laetitia","Phlippsen"
326,"Dulci","Olympia","Mellmer"
327,"Nicolea","Karrah","Honisch"
328,"Melony","Evita","Stych"
329,"Leonhard","","Whitter"
330,"Rafaelia","Nathan","Mapes"
331,"Krishna","Nancey","Chable"
332,"Cristina","Clary","Clayborn"
333,"Alister","Chelsie","Woodsford"
334,"Melisandra","Carce","Josefowicz"
335,"Ferguson","Prinz","Peirpoint"
336,"Ryun","Mitchel","Reightley"
337,"Ken","","Iacopetti"
338,"Rosemary","Jermain","Pynn"
339,"Lisetta","Wren","Harlin"
340,"Melanie","Stacy","Ashforth"
341,"Devy","Fidelio","Janczewski"
342,"Gannie","Samuele","Josephsen"
343,"Drucill","","Barbour"
344,"Julietta","Yetty","O'Hollegan"
345,"Vyky","","MacRedmond"
346,"Fergus","","Shergold"
347,"Dareen","","Hansill"
348,"Cointon","","Claiden"
349,"Quillan","","Hixley"
350,"Zeb","","Stirling"
351,"Phil","Vincent","Wroughton"
352,"Maria","","Cuerdale"
353,"Sarah","Stacey","Dillamore"
354,"Bondie","Daisie","James"
355,"Bunnie","Elmo","Gettins"
356,"Julina","Melesa","Streetley"
357,"Ben","","Messier"
358,"Rocky","Allyn","Magor"
359,"Alwyn","","Menaul"
360,"Maddy","Pansy","D'Ambrogi"
361,"Brandice","Junina","Grebert"
362,"Mozes","","Grzeszczak"
363,"Christie","Morganica","Silverson"
364,"Armand","","Shuttell"
365,"Tyson","Whitney","Thonason"
366,"Antonella","Giffard","Graveson"
367,"Bailey","Ariel","Huckerby"
368,"Del","","Thrussell"
369,"Dorice","Matthiew","Isley"
370,"Cymbre","Killie","Summerson"
371,"Samara","Jo-ann","Lanchester"
372,"Fidole","Meta","Tonna"
373,"Loree","Risa","Kilroy"
374,"Lindsay","","Litt"
375,"Merrilee","Holly-anne","Raxworthy"
376,"Konrad","Royall","Reuble"
377,"Brit","Laureen","Treby"
378,"Rosanna","Bari","Marchenko"
379,"Pearle","","Bendson"
380,"Arlana","","Antunez"
381,"Samara","","Kneesha"
382,"Hulda","","Yakuntsov"
383,"Jerry","","Chastaing"
384,"Iorgo","Adah","Boddymead"
385,"Monika","","Rault"
386,"Bevvy","","Heddon"
387,"Mariana","","Donati"
388,"Kinsley","","Bridgestock"
389,"Ilse","Hamlin","Martinec"
390,"Katheryn","Dorita","Derx"
391,"Tuck","Glyn","Leat"
392,"Gustave","","Benedtti"
393,"Marietta","","Cridlin"
394,"Ellie","","Doulton"
395,"Agathe","","Cunde"
396,"Rosette","","Tander"
397,"Carma","","Glede"
398,"Carroll","Lorrin","Garrick"
399,"Barclay","","Sambles"
400,"Vail","Zaria","Phant"
401,"Irita","","Matyashev"
402,"Ranique","","Blaxill"
403,"Yevette","Tiff","Molohan"
404,"Che","Philly","Ivashnyov"
405,"Kaela","Merry","Wynne"
406,"Reinhold","","Merigeau"
407,"Mel","","Tschirschky"
408,"Amalle","","Ferrieres"
409,"Conway","","Domoni"
410,"Carlie","Kacie","Marti"
411,"Gillan","","Olley"
412,"Sullivan","Chloe","Branford"
413,"Malanie","Jacenta","Bloggett"
414,"Boote","Elonore","Forsdyke"
415,"Remy","","Wreight"
416,"Crystie","","Reasce"
417,"Harriett","Niles","Avon"
418,"Nat","Malvin","Gherardini"
419,"Sheela","","McAline"
420,"Haleigh","Renaud","Barrand"
421,"Cookie","Maurise","Disbrow"
422,"Hewie","Maximilian","Sives"
423,"Desdemona","","Wadeson"
424,"Aleece","Colas","Landell"
425,"Marcelline","","Noor"
426,"Walker","Frankie","Tremlett"
427,"Valentino","Karena","Shrieve"
428,"Jorey","","Waite"
429,"Marylynne","Emeline","Scardifeild"
430,"Susann","Junette","Loney"
431,"Kellyann","","Treuge"
432,"Gilbertine","","Aymeric"
433,"Marlon","Travus","Ivachyov"
434,"Gus","Tarah","Janauschek"
435,"Frayda","","Rego"
436,"Jayne","","Bocke"
437,"Olivero","Wanids","Katt"
438,"Vincenz","","Martinson"
439,"Rafaelia","","Kendred"
440,"Fayth","Vonnie","Lacer"
441,"Cristobal","","Broggelli"
442,"Tania","Ari","Wetter"
443,"Tomaso","Holli","Adamsen"
444,"Ericka","Elvera","Scarlan"
445,"Benoit","Cherianne","Smyth"
446,"Shane","Johannah","McGunley"
447,"Lucine","Bridget","Jamieson"
448,"Bobina","Aline","Kleinmintz"
449,"Lorrie","","Loker"
450,"Ignacio","Grace","Matyugin"
451,"Cesare","Celka","Sellers"
452,"Alwyn","Gene","McCorkindale"
453,"Stafford","","Pinilla"
454,"Ange","Vernor","Huckster"
455,"Dinah","","Ashburner"
456,"Gabbie","Tina","Riordan"
457,"Gayler","","Maffin"
458,"Gleda","Adelina","Thunders"
459,"Binky","Stacie","Bengtsson"
460,"Valaree","","Burril"
461,"Robinette","","Grasner"
462,"Veda","Lynne","Dorrington"
463,"Venus","","Woolnough"
464,"Dalia","Heywood","Wardall"
465,"Ciro","Augustine","Went"
466,"Mina","Hansiain","Ranson"
467,"Weider","Tressa","Ducaen"
468,"Barbie","Zara","Baser"
469,"Salomon","Elonore","Gatward"
470,"Kellyann","","Sebrook"
471,"Chandler","Juan","Ivanchikov"
472,"Pauline","Shalna","O'Hederscoll"
473,"Forrest","","Yeoman"
474,"Marya","Linzy","Hawney"
475,"Claiborn","","Kluss"
476,"Sophia","","Mepsted"
477,"Guillermo","","Cossom"
478,"Steffi","Sigrid","Bletso"
479,"Farlee","Cissiee","Wines"
480,"Wallace","Terri","Duell"
481,"George","Kania","Defew"
482,"Sherye","Olympe","Burker"
483,"Silvana","Elissa","Landers"
484,"Rafferty","Nathaniel","Lanceter"
485,"Teri","","Hinze"
486,"Jacklyn","Frank","MacFadin"
487,"Gustavo","Rudiger","Noquet"
488,"Prescott","","Surgen"
489,"Clemente","Lillis","Moughton"
490,"Nico","Slade","O'Kinneally"
491,"Carmencita","","Huddlestone"
492,"Grete","Gay","Dusey"
493,"Daisie","","Gauson"
494,"Kitty","","Smieton"
495,"Ron","Udall","Ricart"
496,"Cindy","Kirby","Verzey"
497,"Jemmy","","Maciunas"
498,"Everard","Aili","Nevison"
499,"Cammi","Gun","Werndly"
500,"Johanna","","Ciccotti"
501,"Evelyn","Logan","Arnaudot"
502,"Nevsa","","Curtain"
503,"Lynnet","","Braim"
504,"Beulah","Hettie","Deedes"
505,"Fair","Salli","McCrainor"
506,"Emmanuel","Petronilla","Bather"
507,"Findley","Winny","Barz"
508,"Aguie","","Kinze"
509,"Vivianne","","Teager"
510,"Vic","","Aspital"
511,"Nick","Hughie","Cremen"
512,"Averil","","Feaveer"
513,"Freddy","","Lidgett"
514,"Georgy","","Lewtey"
515,"Agathe","Darnall","Bartelet"
516,"Ethel","","Thandi"
517,"Kasey","","Ferris"
518,"Yolanda","Clementius","Valadez"
519,"Nealon","Clayborne","Lumm"
520,"Brinn","","Westphal"
521,"Averyl","Faber","Odo"
522,"Tobin","Ulysses","Janicki"
523,"Byram","Barton","Meller"
524,"Alfons","Stefano","Whitta"
525,"Bernadette","Aland","Genn"
526,"Reginauld","Ardyce","Matevosian"
527,"Derby","Walton","McQuillin"
528,"Carny","","Roscam"
529,"Wright","Arlie","Aron"
530,"Corrina","Marci","Kippin"
531,"Ira","","Purnell"
532,"Eddie","Carolus","Mungin"
533,"Marje","Perceval","Siddons"
534,"Carolan","Myrtle","Paling"
535,"Rock","","Baff"
536,"Vinny","","Niemiec"
537,"Fae","Jess","O'Shee"
538,"Abdul","","Peniello"
539,"Bobby","","Bennell"
540,"Leonore","","Birnie"
541,"Ivy","Miguel","Swynfen"
542,"Priscilla","Clayborne","Bister"
543,"Sisely","","Burgan"
544,"Lorenzo","Merrilee","Ferencz"
545,"Inigo","","Eger"
546,"Gianna","","Agent"
547,"Marven","","Iban"
548,"Caril","Cherida","Billson"
549,"Correy","","Goldfinch"
550,"Mitchell","","Mantrip"
551,"Tabbie","Jayme","Kimpton"
552,"Brody","Fredelia","Langrick"
553,"Deloria","Emmit","Matussow"
554,"Letisha","","Lydon"
555,"Pryce","Shay","Mulholland"
556,"Gaelan","","Cleyburn"
557,"Alessandra","Kirbie","Parsisson"
558,"Freeland","","Sevier"
559,"Lucy","Neddy","Domnick"
560,"Izaak","Goddard","Beardshaw"
561,"Araldo","Boothe","Meekings"
562,"Bunny","Kettie","Dewerson"
563,"Bobbie","Netta","Romain"
564,"Claretta","","Kimberly"
565,"Herbert","Iain","Barles"
566,"Julie","Pearce","Wittrington"
567,"Remington","","Petts"
568,"Malia","","Fricker"
569,"Jessy","Bill","Lippatt"
570,"Willey","","Halloway"
571,"Giacinta","Dimitri","Turner"
572,"Parry","Nadiya","Swayne"
573,"Milt","","Earwaker"
574,"Malory","Stephannie","Garfoot"
575,"Uriel","","Purrington"
576,"Alexa","Appolonia","Ruperti"
577,"Nata","Lemmy","Simacek"
578,"Angelica","Brinna","Dainter"
579,"Ber","Flem","Camellini"
580,"Ede","","Ansley"
581,"Erwin","Inigo","Bickmore"
582,"Nathanial","Anthia","Eckley"
583,"Vick","Adriana","Anthonsen"
584,"Demetria","Ronna","Mattusevich"
585,"Haleigh","Xenos","Grindle"
586,"Amandi","Henrieta","Bruyns"
587,"Haley","Piper","Jamison"
588,"Lynett","","Turton"
589,"Marjie","","Mowlam"
590,"Saundra","Keary","Jellyman"
591,"Vachel","","Tweedell"
592,"Aubry","","MacCallam"
593,"Zorah","","Tewkesberry"
594,"Baird","Tiertza","Eallis"
595,"Terence","Miran","Robardet"
596,"Lilly","","Eslie"
597,"Margie","Justina","Gatus"
598,"David","","Henke"
599,"Lew","","Croucher"
600,"Lauren","Sherrie","Woodson"
601,"Delano","","Feldmus"
602,"Vick","Elane","Behnecken"
603,"Rasia","","Reidshaw"
604,"Nadine","Tamarah","Mosley"
605,"Marcela","Colin","Gutherson"
606,"Dorrie","Dannel","Ratazzi"
607,"Yolanthe","","Pounsett"
608,"Edik","","Snoxill"
609,"Clive","","Ping"
610,"Gael","Dena","Aartsen"
611,"Glori","Jonie","Bellson"
612,"Nikkie","","Cleaveland"
613,"Janie","Gideon","Pennington"
614,"Aldon","","Bubb"
615,"Fifine","Veriee","Philot"
616,"Elston","","Edon"
617,"Lynette","","Millwater"
618,"Savina","","Devoy"
619,"Claudio","","Leeuwerink"
620,"Gerek","","Polendine"
621,"Hanny","","Dun"
622,"Kori","Austen","Gossage"
623,"Vince","","Neles"
624,"Tedmund","","Stollsteiner"
625,"L;urette","Glynis","Heads"
626,"Ethe","Anstice","Loxdale"
627,"Biron","Bertram","Worboy"
628,"Alecia","Chucho","Menaul"
629,"Urbain","Duffy","McGowing"
630,"Angelita","Eimile","Markwelley"
631,"Cornall","","Chrystal"
632,"Lukas","Coriss","Paolino"
633,"Kiri","","Ledner"
634,"Christine","","Dunkirk"
635,"Antonia","Caldwell","Collibear"
636,"Sylvia","Wyn","Schruyers"
637,"Wilow","Fabe","Vogl"
638,"Jemmy","","Trevithick"
639,"Torrie","","Thackeray"
640,"Norrie","","Erik"
641,"Korie","Leeann","Kacheller"
642,"Patrice","","Verna"
643,"Kyla","","Leuchars"
644,"Sonny","","Tynan"
645,"Tremayne","","Tregiddo"
646,"Tatiania","Phaedra","Aitkin"
647,"Agnola","Carson","Rutley"
648,"Jorgan","Marline","Riccardelli"
649,"Lorrin","Kerr","Cotgrove"
650,"Nancy","","Brende"
651,"Shem","","Paquet"
652,"Melisent","Josiah","Nickels"
653,"Betta","","Hacking"
654,"Jenine","Kahaleel","Kopelman"
655,"Hendrika","Benedick","Billingsley"
656,"Lonna","","Widdowfield"
657,"Anton","","Van Bruggen"
658,"Pennie","Iona","Harraway"
659,"Jillana","Karim","Saich"
660,"Minnnie","","Tabert"
661,"Mohandis","Charmine","Legg"
662,"Tobi","","Keneforde"
663,"Lettie","","Donnison"
664,"Stephie","","Ainscough"
665,"Minny","","Drowsfield"
666,"Jolene","","Petrolli"
667,"Jeanne","Jimmie","Borwick"
668,"Carree","Munroe","Pullan"
669,"Austin","","Castane"
670,"Cullen","Willy","Mongan"
671,"Bernete","Irina","Schapero"
672,"Munmro","","Maytum"
673,"Pearce","Mart","Hebblewhite"
674,"Korella","","Deadman"
675,"Rochella","Prudy","Damrell"
676,"Essa","Jonie","Bruhnke"
677,"Marissa","Ilyse","Rowlatt"
678,"Sauncho","Holly-anne","Simonitto"
679,"Enos","Gasper","Starkey"
680,"Neel","","Dunster"
681,"Freemon","Sandy","Pumphreys"
682,"Hillary","Sherman","Reinert"
683,"Ashlee","Garald","Lots"
684,"Collette","","Landre"
685,"Benedicta","","Heading"
686,"Estell","Levy","MacPike"
687,"Elna","Marysa","Farlane"
688,"Bent","Yance","Braben"
689,"Hamilton","Stephen","Officer"
690,"Ellyn","Vaughn","Veeler"
691,"Otto","Dyann","Casassa"
692,"Karla","Hertha","Lukash"
693,"Dmitri","","Sifflett"
694,"Ayn","","Menauteau"
695,"Isaiah","","Bradd"
696,"Edgard","","Crimpe"
697,"Quillan","","Penhearow"
698,"Vincenty","","Giacobazzi"
699,"Fianna","","Dockree"
700,"Carlyle","","Gillbanks"
701,"Queenie","","Billborough"
702,"Karrie","","Keri"
703,"Henri","Manfred","Tolossi"
704,"Kincaid","Deedee","Lennard"
705,"Hubey","Ted","Frodsam"
706,"Cross","Vin","Holah"
707,"Aubry","Cristiano","Coyish"
708,"Derron","Laurena","Tinmouth"
709,"Justus","","Breed"
710,"Rosamond","Marta","Trahar"
711,"Jens","Rogers","Gerbel"
712,"Ebba","","Boal"
713,"Marcelo","","Fearn"
714,"Charis","","Demicoli"
715,"Rosemarie","Richardo","Braxton"
716,"Pru","Gavin","Skone"
717,"Sonnie","Ashley","Mountfort"
718,"Sandro","","Hitzmann"
719,"Willabella","","Gerrit"
720,"Wilmer","Towney","Bellchamber"
721,"Ezechiel","","MacAlpin"
722,"Gael","Sheba","Brookfield"
723,"Reamonn","Penny","Puckrin"
724,"Pepi","","Pook"
725,"Holt","","July"
726,"Llywellyn","","Jakubczyk"
727,"Dre","","Greenhill"
728,"Monica","Jermayne","Moulton"
729,"Fifi","","Priestland"
730,"Alicea","","Zealy"
731,"Alfi","Othella","Josum"
732,"Nonie","","Dalzell"
733,"Elvera","Philippine","Dimeloe"
734,"Lindon","","Wrangle"
735,"Raddie","Kirstin","Krugmann"
736,"Elwin","Fayre","Farr"
737,"Leonhard","","Sorrie"
738,"Jacquelyn","","Crickmore"
739,"Britni","Gwenny","Aronov"
740,"Tyrone","","McGrouther"
741,"Arabele","Paxon","Deniset"
742,"Glenden","Anselma","Croisdall"
743,"Marlo","Loy","Tomasek"
744,"Millard","Bartlett","Muino"
745,"Silvana","","Lumbers"
746,"Katti","Phil","Orrah"
747,"Brandtr","Jackson","Ketchell"
748,"Rakel","","Friman"
749,"Connie","Alard","Quene"
750,"Fanni","","Blancowe"
751,"Roseanna","","Acors"
752,"Merry","Faunie","Geillier"
753,"Jeffie","Melinda","Rampton"
754,"Angelica","","Tythe"
755,"Sherman","","Mundow"
756,"Licha","Nap","Perutto"
757,"Ethelyn","","Sundin"
758,"Benita","Nan","Larrosa"
759,"Conn","Vere","Wessing"
760,"Lindsy","Devonne","Jina"
761,"Nan","","Lilleyman"
762,"Luke","Aaron","Ronaghan"
763,"Wandie","","Haresnape"
764,"Windham","Kendal","Heersema"
765,"Nananne","","Osman"
766,"Annalise","Edeline","Ianiello"
767,"Ajay","Sherill","Hughes"
768,"Benedicto","","Shinton"
769,"Hadria","","Bullas"
770,"Lian","Junie","Boog"
771,"Jerrilee","","Daburn"
772,"Terrijo","Lucas","Nyssens"
773,"Katy","","Artiss"
774,"Sabina","","Western"
775,"Harman","Courtenay","Bartalin"
776,"Willem","","Ivanichev"
777,"Gwenette","Chadd","Mathou"
778,"Blair","Ky","Condell"
779,"Pauly","Tresa","Sabbatier"
780,"Cale","","Bleasdale"
781,"Artemas","","Dugald"
782,"Doy","Consalve","Gonnelly"
783,"Chevy","Dorelia","Swadling"
784,"Lanie","","Starton"
785,"Adelice","Gilda","Hadaway"
786,"Hillie","","Chantrell"
787,"Matti","Winne","Fuster"
788,"Bria","Babs","Caseley"
789,"Emelyne","Beulah","Richmond"
790,"Clem","Lotty","Hawkswood"
791,"Ernestine","Padget","Bannon"
792,"Abram","","Gunton"
793,"Kerstin","","Dumbleton"
794,"Keenan","Bridgette","Fawdry"
795,"Ashien","","McGuff"
796,"Stinky","Cayla","Cownden"
797,"Deanna","Salomi","Rzehor"
798,"Dani","","Tomson"
799,"Jaquelin","","Feeney"
800,"Gavrielle","","Simoneau"
801,"Bendix","","Davidesco"
802,"Ravid","","Meah"
803,"Queenie","","Guiso"
804,"Yasmeen","Mayer","Miskelly"
805,"Hyacinthia","","Baillie"
806,"Darnall","Riva","Benko"
807,"Catlin","Ruperta","Seear"
808,"Boyce","Alverta","Booy"
809,"Dreddy","Derron","Langstaff"
810,"Morgana","Roanna","Sharpley"
811,"Gwendolen","","Durston"
812,"Maris","","Garside"
813,"Nita","","Phelipeau"
814,"Banky","Pauli","de Marco"
815,"Nannette","Teresita","Howchin"
816,"Paulette","","Humbles"
817,"Nicholas","Olivia","Dunphie"
818,"Ozzy","Whitney","Fearenside"
819,"Delinda","","Bagge"
820,"Adolphus","","Hynes"
821,"Katharina","Wilhelmina","Bryant"
822,"Whitney","Ber","Wasielewicz"
823,"Tamma","Yale","Dupoy"
824,"Bevan","Ryon","Drance"
825,"Tad","","Meijer"
826,"Levey","","Kenwell"
827,"Yorgo","","Moorfield"
828,"Perceval","","Gawn"
829,"Coop","Rafael","Simenet"
830,"Kristin","Barrie","Wooder"
831,"Samara","Beniamino","Schoenrock"
832,"Hart","Harli","Santorini"
833,"Cherilyn","Jerrilyn","Americi"
834,"Tallou","Patrica","Elsegood"
835,"Kort","","Eames"
836,"Rebecka","Kylie","Besson"
837,"Sheree","Charleen","Gallety"
838,"Arlana","Josey","Garrow"
839,"Laurella","","Stuther"
840,"Ilario","Edy","Pimblotte"
841,"Evangeline","Leonid","Anderson"
842,"Madge","","Glassford"
843,"Lian","Rudd","Gisbourn"
844,"Dyna","","Hadfield"
845,"Donal","","Leaburn"
846,"Randall","","Lickorish"
847,"Ambur","Gwenni","Ilyuchyov"
848,"Bren","","MacGorley"
849,"Rodie","","Fentem"
850,"Stearn","","Aspden"
851,"Stuart","","Locker"
852,"Conway","Isabelita","Laskey"
853,"Ellswerth","Nahum","Leisk"
854,"Grete","","Dener"
855,"Stanislaus","Lowell","McCullock"
856,"Allene","Abeu","Pingstone"
857,"Brigitte","Fax","Dibb"
858,"Meyer","","Antoniou"
859,"Bryn","Issiah","Rycraft"
860,"Monique","","Ruskin"
861,"Kelci","","Davioud"
862,"Farr","Alison","Igoe"
863,"Lesley","Filia","Palfreeman"
864,"Alley","","Stoeck"
865,"Austina","","Sherebrooke"
866,"Rozanna","Damiano","Haggeth"
867,"Hakeem","","Puttrell"
868,"Jackie","","Astridge"
869,"Derrek","Annis","Baylay"
870,"Skipton","","Axelbey"
871,"Patric","Mendel","Verty"
872,"Kitty","Gray","Broadley"
873,"Camella","Karel","Starford"
874,"Creight","","Normanvell"
875,"Basilius","","Latan"
876,"Alonso","Dedra","Flaunier"
877,"Winslow","Nana","Aiskovitch"
878,"Merrill","Dorine","Heavy"
879,"Vina","","Bisco"
880,"Olivero","Cynthie","Strute"
881,"Yvon","Viole","Giddons"
882,"Delmer","Leland","Pingston"
883,"Maje","Caryl","McFadin"
884,"Mayer","","Willox"
885,"Klara","","Loynes"
886,"Carline","Windy","Lees"
887,"Tedie","Sebastiano","Koubek"
888,"Chris","","Foston"
889,"Maddie","Gustave","Hould"
890,"Michaelina","Mellisent","Pilmore"
891,"Ashley","Cyndi","Casillis"
892,"Stavros","Trace","Lindemann"
893,"Anjanette","","Hasely"
894,"Tracie","Bride","Ummfrey"
895,"Denise","Reilly","Noni"
896,"Garek","","Chiese"
897,"Jany","Brade","Cordelle"
898,"Von","Lyssa","Weaving"
899,"Maurizia","Thibaud","Hannen"
900,"Ilyssa","Umberto","Ferrulli"
901,"Jerry","","Davidovic"
902,"Chic","","Monketon"
903,"Junina","Calvin","Billingsley"
904,"Frank","","Spratt"
905,"Kirk","Irwin","Tremmel"
906,"Paulie","","Wragg"
907,"Wit","Gael","Maskell"
908,"Arlan","","Christie"
909,"Maiga","Nikkie","Skingley"
910,"Estele","","Hyndson"
911,"Sheffy","","Manklow"
912,"Cassandry","Edita","Sweeten"
913,"Chilton","","Aldren"
914,"Ettie","","Jarville"
915,"Fiorenze","","Kanwell"
916,"Dino","Kaine","Chastanet"
917,"Norrie","Anastassia","Waterson"
918,"Friedrich","Karlis","Bantick"
919,"Sybille","","Brame"
920,"Arielle","","Coysh"
921,"Lyndsey","","Edelmann"
922,"Jerrilyn","","Pibworth"
923,"Antony","Melinda","Noon"
924,"Dorette","Elane","Crasford"
925,"Bird","Justen","Entwistle"
926,"Fianna","Levon","Tomasino"
927,"Louella","","Blaisdale"
928,"Giralda","Cyrus","McKevin"
929,"Kele","Crin","Wieprecht"
930,"Dyanna","","Vane"
931,"Joel","","Piller"
932,"Lock","","Castelletto"
933,"Caresa","Ives","McGuigan"
934,"Garrik","Antonia","Petracchi"
935,"Worth","Samantha","Holmyard"
936,"Diannne","","Arens"
937,"Trace","","Glanz"
938,"Grantley","Lea","Vivash"
939,"Orelia","","Bellringer"
940,"Antonius","Carmel","Perfili"
941,"Viki","Patrizius","Bartosinski"
942,"Orville","Shellie","Calender"
943,"Kent","Claudelle","Cundey"
944,"Malissa","","Winscomb"
945,"Elyn","Aimil","Sirey"
946,"Chanda","","Leftridge"
947,"Yoko","Masha","Pyson"
948,"Edyth","","Osbiston"
949,"Nedi","Selene","Skullet"
950,"Berget","","Handyside"
951,"Linnea","Gwendolyn","Canacott"
952,"Maribel","","Foad"
953,"Mortimer","Reginauld","Perassi"
954,"Betteanne","Gabie","Dosdell"
955,"Teador","Adela","Enever"
956,"Titos","Betsey","Meo"
957,"Rachele","","Garbett"
958,"Emeline","","Bagot"
959,"Wilek","Eleni","MacClancey"
960,"Moises","Lida","Pomfrey"
961,"Cathy","","Alelsandrovich"
962,"Rosana","Nonna","Postgate"
963,"Lorraine","","Culcheth"
964,"Patric","Reina","Petrak"
965,"Debra","Erda","Atcherley"
966,"Rochell","","Fabry"
967,"Marci","","Cardall"
968,"Tani","","Edgcombe"
969,"Shel","","Tillot"
970,"Gaynor","","Rucklesse"
971,"Asher","","Wasselin"
972,"Ninnetta","Vitia","Heasman"
973,"Cecilius","","Popelay"
974,"Rhetta","Lisle","Hall-Gough"
975,"Elsinore","","Cretney"
976,"Annis","Chevalier","Zum Felde"
977,"Merrel","Roberto","Sillwood"
978,"Boy","Reeva","Elwyn"
979,"Bryna","","Vaskov"
980,"Brad","Sallyann","Clell"
981,"Salomi","","Stockin"
982,"Der","","Scarlan"
983,"Shannen","Anna","Purselow"
984,"Lilith","Alejandro","Childerhouse"
985,"Karita","Brice","Risbridge"
986,"Rosaline","","Bowker"
987,"Joey","","Burt"
988,"Marjory","","Holgan"
989,"Adler","Urban","Beake"
990,"Jon","Danni","Bolley"
991,"Shawn","","Whetland"
992,"Rhodie","Cross","Stovine"
993,"Raimondo","","Hubbard"
994,"Darcey","","Paolazzi"
995,"Carlos","Jessy","Barsam"
996,"Zared","Alan","Fontell"
997,"Janeta","","Showers"
998,"Carlen","","Bickle"
999,"Selie","Susana","Dahl"
1000,"Adina","","Demougeot"
